experiment,precision,recall,f1,pairs,matches_df,true_matches
Bloom + Rule,0.07442489851150136,0.8249999999999175,0.13653289199971222,198791,"       id_A  id_B       sim     pair
0         0     0  0.977470      0_0
1         0    86  0.857143     0_86
2         0   282  0.862543    0_282
3         0   335  0.854701    0_335
4         0   655  0.888508    0_655
...     ...   ...       ...      ...
11080   987    97  0.883562   987_97
11081   987   446  0.863946  987_446
11082   987   488  0.858120  987_488
11083   987   907  0.876522  987_907
11084   987   987  1.000000  987_987

[11085 rows x 4 columns]","     id_A  id_B     pair
0       0     0      0_0
1       1     1      1_1
2       2     2      2_2
3       3     3      3_3
4       4     4      4_4
..    ...   ...      ...
995   995   995  995_995
996   996   996  996_996
997   997   997  997_997
998   998   998  998_998
999   999   999  999_999

[1000 rows x 3 columns]"
CLK-basic + Rule,0.7841823056299216,0.5849999999999415,0.6701030927344864,198791,"     id_A  id_B       sim      pair
0       0     0  0.893855       0_0
1      20    20  0.867725     20_20
2      20    86  0.852632     20_86
3      36    36  0.898396     36_36
4      36  1093  0.863636   36_1093
..    ...   ...       ...       ...
741   945   945  1.000000   945_945
742   957  1001  0.867052  957_1001
743   968   968  1.000000   968_968
744   977   977  0.892655   977_977
745   987   987  1.000000   987_987

[746 rows x 4 columns]","     id_A  id_B     pair
0       0     0      0_0
1       1     1      1_1
2       2     2      2_2
3       3     3      3_3
4       4     4      4_4
..    ...   ...      ...
995   995   995  995_995
996   996   996  996_996
997   997   997  997_997
998   998   998  998_998
999   999   999  999_999

[1000 rows x 3 columns]"
CLK + Rule,0.2823439878234291,0.7419999999999257,0.4090407937858448,198791,"      id_A  id_B       sim     pair
0        0     0  0.934307      0_0
1        0   655  0.873646    0_655
2        0  1133  0.852941   0_1133
3        6     6  0.911111      6_6
4       20    20  0.919861    20_20
...    ...   ...       ...      ...
2623   977   977  0.936803  977_977
2624   979   979  0.926641  979_979
2625   982   343  0.861314  982_343
2626   987    23  0.878571   987_23
2627   987   987  1.000000  987_987

[2628 rows x 4 columns]","     id_A  id_B     pair
0       0     0      0_0
1       1     1      1_1
2       2     2      2_2
3       3     3      3_3
4       4     4      4_4
..    ...   ...      ...
995   995   995  995_995
996   996   996  996_996
997   997   997  997_997
998   998   998  998_998
999   999   999  999_999

[1000 rows x 3 columns]"
CLK + LSH,0.298407997038123,0.8059999999999193,0.4355579572693738,235926,"       id_A  id_B       sim      pair
0       900   900  1.000000   900_900
1         0  1133  0.852941    0_1133
2       109  1133  0.871795  109_1133
3       449   449  1.000000   449_449
4       557   557  1.000000   557_557
...     ...   ...       ...       ...
20736   996   996  1.000000   996_996
20737   998   998  0.911765   998_998
20738   999   999  1.000000   999_999
20739   999  1172  0.896552  999_1172
20740   999   999  1.000000   999_999

[20741 rows x 4 columns]","     id_A  id_B     pair
0       0     0      0_0
1       1     1      1_1
2       2     2      2_2
3       3     3      3_3
4       4     4      4_4
..    ...   ...      ...
995   995   995  995_995
996   996   996  996_996
997   997   997  997_997
998   998   998  998_998
999   999   999  999_999

[1000 rows x 3 columns]"
CLK + Rule + SMPC,0.006889196042793545,0.6329999999999367,0.013630050706826335,198791,"       id_A  id_B       sim      pair
0         0     6  1.000000       0_6
1         0    41  1.000000      0_41
2         0   100  1.000000     0_100
3         0   118  1.000000     0_118
4         0   149  1.000000     0_149
...     ...   ...       ...       ...
91878   987  1151  1.000000  987_1151
91879   987  1159  1.000000  987_1159
91880   987  1165  1.000000  987_1165
91881   987  1180  0.962521  987_1180
91882   987  1183  0.992424  987_1183

[91883 rows x 4 columns]","     id_A  id_B     pair
0       0     0      0_0
1       1     1      1_1
2       2     2      2_2
3       3     3      3_3
4       4     4      4_4
..    ...   ...      ...
995   995   995  995_995
996   996   996  996_996
997   997   997  997_997
998   998   998  998_998
999   999   999  999_999

[1000 rows x 3 columns]"
